snippet_id,task_category,code,notes,source,sink,mitigation,label,justification
snippet_001,URL query parameter display,function qp1(){const p=new URLSearchParams(location.search);document.body.innerText=p.get('msg')||'';},Reads msg and writes as text.,URL query (location.search),safe:innerText,none,0,innerText used here with URL query (location.search). Safe.
snippet_002,URL query parameter display,function qp2(){const p=new URLSearchParams(location.search);document.body.innerHTML=p.get('msg')||'';},Uses innerHTML.,URL query (location.search),DANGEROUS:innerHTML,none,1,User data from URL query (location.search) into innerHTML without sanitisation.
snippet_003,URL query parameter display,function qp3(){const p=new URLSearchParams(location.search);document.getElementById('out').innerText=p.get('name')||'';},Writes to element text.,URL query (location.search),safe:innerText,none,0,"URL query (location.search) to innerText. Safe, text only."
snippet_004,URL query parameter display,function qp4(){const p=new URLSearchParams(location.search);document.getElementById('out').innerHTML=p.get('name')||'';},HTML sink.,URL query (location.search),DANGEROUS:innerHTML,none,1,innerHTML gets raw URL query (location.search) data. Vulnerable.
snippet_005,URL query parameter display,function qp5(){const p=new URLSearchParams(location.search);document.querySelector('#q').textContent=p.get('q')||'';},Safe textContent.,URL query (location.search),safe:textContent,none,0,URL query (location.search) written to textContent. Renders as text not HTML.
snippet_006,URL query parameter display,function qp6(){const p=new URLSearchParams(location.search);document.querySelector('#q').innerHTML=p.get('q')||'';},Writes HTML.,URL query (location.search),DANGEROUS:innerHTML,none,1,Source URL query (location.search) reaches innerHTML unsanitised. Vulnerable.
snippet_011,URL query parameter display,function qp11(){const p=new URLSearchParams(location.search);document.querySelector('.msg').innerText=p.get('msg')||'';},Displays msg.,URL query (location.search),safe:innerText,none,0,"URL query (location.search) to innerText. Safe, text only."
snippet_012,URL query parameter display,function qp12(){const p=new URLSearchParams(location.search);document.querySelector('.msg').innerHTML=p.get('msg')||'';},HTML rendering.,URL query (location.search),DANGEROUS:innerHTML,none,1,URL query (location.search) to innerHTML with no checks. Vulnerable.
snippet_015,URL query parameter display,function qp15(){const p=new URLSearchParams(location.search);document.getElementById('res').innerText=p.get('res')||'';},Text sink.,URL query (location.search),safe:innerText,none,0,"URL query (location.search) flows into innerText, safe sink so no XSS."
snippet_016,URL query parameter display,function qp16(){const p=new URLSearchParams(location.search);document.getElementById('res').innerHTML=p.get('res')||'';},HTML sink.,URL query (location.search),DANGEROUS:innerHTML,none,1,innerHTML used with URL query (location.search) and no mitigation. Vulnerable.
snippet_017,URL query parameter display,function qp17(){const p=new URLSearchParams(location.search);document.querySelector('#output').textContent=p.get('output')||'';},Safe display.,URL query (location.search),safe:textContent,none,0,textContent used here with URL query (location.search). Safe.
snippet_018,Search term heading,function sh1(){const p=new URLSearchParams(location.search);document.querySelector('h1').innerText=p.get('q')||'';},,URL query (location.search),safe:innerText,none,0,"Uses innerText for URL query (location.search). Text sink, safe."
snippet_019,Search term heading,function sh2(){const p=new URLSearchParams(location.search);document.querySelector('h1').innerHTML=p.get('q')||'';},,URL query (location.search),DANGEROUS:innerHTML,none,1,Unsanitised URL query (location.search) flows to innerHTML. Vulnerable.
snippet_020,Search term heading,function sh3(){const p=new URLSearchParams(location.search);document.getElementById('title').textContent=p.get('search')||'';},,URL query (location.search),safe:textContent,none,0,"URL query (location.search) flows into textContent, safe sink so no XSS."
snippet_021,Search term heading,function sh4(){const p=new URLSearchParams(location.search);document.getElementById('title').innerHTML=p.get('search')||'';},,URL query (location.search),DANGEROUS:innerHTML,none,1,innerHTML gets raw URL query (location.search) data. Vulnerable.
snippet_022,Search term heading,function sh5(){const term=location.hash.slice(1);document.querySelector('h2').innerText=term||'';},,URL fragment (location.hash),safe:innerText,none,0,URL fragment (location.hash) into innerText. No HTML parsing so safe.
snippet_023,Search term heading,function sh6(){const term=location.hash.slice(1);document.querySelector('h2').innerHTML=term||'';},,URL fragment (location.hash),DANGEROUS:innerHTML,none,1,Source URL fragment (location.hash) reaches innerHTML unsanitised. Vulnerable.
snippet_026,Search term heading,function sh9(){const input=document.querySelector('input');document.querySelector('h1').innerText=input.value;},,Form input value,safe:innerText,none,0,innerText used here with Form input value. Safe.
snippet_027,Search term heading,function sh10(){const input=document.querySelector('input');document.querySelector('h1').innerHTML=input.value;},,Form input value,DANGEROUS:innerHTML,none,1,innerHTML gets raw Form input value data. Vulnerable.
snippet_034,Search term heading,"function sh17(){const term=location.hash.replace('#','');document.querySelector('#heading').textContent=term||'';}",,URL fragment (location.hash),safe:textContent,none,0,"URL fragment (location.hash) written via textContent, not an HTML sink."
snippet_035,Form input live preview,function fp1(){const i=document.querySelector('input');document.getElementById('preview').innerText=i.value;},,Form input value,safe:innerText,none,0,"Form input value to innerText. Safe, text only."
snippet_036,Form input live preview,function fp2(){const i=document.querySelector('input');document.getElementById('preview').innerHTML=i.value;},,Form input value,DANGEROUS:innerHTML,none,1,Form input value written to innerHTML directly. No encoding. Vulnerable.
snippet_037,Form input live preview,function fp3(){const i=document.querySelector('#name');document.querySelector('.preview').textContent=i.value;},,None / hardcoded,safe:textContent,none,0,"Only hardcoded values, no user data involved."
snippet_038,Form input live preview,function fp4(){const i=document.querySelector('#name');document.querySelector('.preview').innerHTML=i.value;},,None / hardcoded,DANGEROUS:innerHTML,none,1,"Form input (.value) flows into innerHTML, no sanitisation. Vulnerable."
snippet_039,Form input live preview,function fp5(){const i=document.querySelector('textarea');document.getElementById('out').innerText=i.value;},,Form input value,safe:innerText,none,0,Form input value written to innerText. Renders as text not HTML.
snippet_040,Form input live preview,function fp6(){const i=document.querySelector('textarea');document.getElementById('out').innerHTML=i.value;},,Form input value,DANGEROUS:innerHTML,none,1,Form input value into innerHTML. No DOMPurify or encoding. Vulnerable.
snippet_043,Form input live preview,function fp9(){const i=document.querySelector('#email');document.querySelector('#preview').textContent=i.value;},,None / hardcoded,safe:textContent,none,0,Static content only. Safe regardless of sink.
snippet_044,Form input live preview,function fp10(){const i=document.querySelector('#email');document.querySelector('#preview').innerHTML=i.value;},,None / hardcoded,DANGEROUS:innerHTML,none,1,Form input (.value) goes straight into innerHTML. Vulnerable.
snippet_052,Username welcome message,function uw1(){const p=new URLSearchParams(location.search);document.querySelector('#welcome').innerText='Welcome '+(p.get('user')||'');},,URL query (location.search),safe:innerText,none,0,"URL query (location.search) written via innerText, not an HTML sink."
snippet_053,Username welcome message,function uw2(){const p=new URLSearchParams(location.search);document.querySelector('#welcome').innerHTML='Welcome '+(p.get('user')||'');},,URL query (location.search),DANGEROUS:innerHTML,none,1,URL query (location.search) written to innerHTML directly. No encoding. Vulnerable.
snippet_054,Username welcome message,function uw3(){const name=location.hash.slice(1);document.querySelector('#welcome').innerText='Hello '+name;},,URL fragment (location.hash),safe:innerText,none,0,"URL fragment (location.hash) flows into innerText, safe sink so no XSS."
snippet_055,Username welcome message,function uw4(){const name=location.hash.slice(1);document.querySelector('#welcome').innerHTML='Hello '+name;},,URL fragment (location.hash),DANGEROUS:innerHTML,none,1,Unsanitised URL fragment (location.hash) flows to innerHTML. Vulnerable.
snippet_056,Username welcome message,function uw5(){const input=document.querySelector('#username');document.querySelector('#welcome').innerText='Hi '+input.value;},,None / hardcoded,safe:innerText,none,0,Static content only. Safe regardless of sink.
snippet_057,Username welcome message,function uw6(){const input=document.querySelector('#username');document.querySelector('#welcome').innerHTML='Hi '+input.value;},,None / hardcoded,DANGEROUS:innerHTML,none,1,Form input (.value) into innerHTML with no checks. Vulnerable.
snippet_060,Username welcome message,function uw9(){const p=new URLSearchParams(location.search);document.body.innerText='User: '+(p.get('name')||'');},,URL query (location.search),safe:innerText,none,0,URL query (location.search) into innerText. No HTML parsing so safe.
snippet_061,Username welcome message,function uw10(){const p=new URLSearchParams(location.search);document.body.innerHTML='User: '+(p.get('name')||'');},,URL query (location.search),DANGEROUS:innerHTML,none,1,URL query (location.search) written to innerHTML directly. No encoding. Vulnerable.
snippet_068,Username welcome message,"function uw17(){const name=location.hash.replace('#','');document.querySelector('h1').textContent='Hi '+name;}",,URL fragment (location.hash),safe:textContent,none,0,textContent used here with URL fragment (location.hash). Safe.
snippet_069,User comment rendering,function uc1(){const p=new URLSearchParams(location.search);document.querySelector('#comments').innerText=p.get('comment')||'';},,URL query (location.search),safe:innerText,none,0,URL query (location.search) goes into innerText. Safe sink.
snippet_070,User comment rendering,function uc2(){const p=new URLSearchParams(location.search);document.querySelector('#comments').innerHTML=p.get('comment')||'';},,URL query (location.search),DANGEROUS:innerHTML,none,1,innerHTML used with URL query (location.search) and no mitigation. Vulnerable.
snippet_071,User comment rendering,function uc3(){const c=location.hash.slice(1);document.querySelector('#comments').innerText=c;},,URL fragment (location.hash),safe:innerText,none,0,"Uses innerText for URL fragment (location.hash). Text sink, safe."
snippet_072,User comment rendering,function uc4(){const c=location.hash.slice(1);document.querySelector('#comments').innerHTML=c;},,URL fragment (location.hash),DANGEROUS:innerHTML,none,1,"URL fragment (location.hash) flows into innerHTML, no sanitisation. Vulnerable."
snippet_073,User comment rendering,function uc5(){const i=document.querySelector('#comment');document.querySelector('#comments').innerText=i.value;},,None / hardcoded,safe:innerText,none,0,"Only hardcoded values, no user data involved."
snippet_074,User comment rendering,function uc6(){const i=document.querySelector('#comment');document.querySelector('#comments').innerHTML=i.value;},,None / hardcoded,DANGEROUS:innerHTML,none,1,Form input (.value) to innerHTML unsanitised. Vulnerable.
snippet_075,User comment rendering,function uc7(props){document.querySelector('#comments').textContent=props.comment||'';},,Component prop (props.*),safe:textContent,none,0,Component prop (props.*) reaches textContent which is a safe sink.
snippet_076,User comment rendering,function uc8(props){document.querySelector('#comments').innerHTML=props.comment||'';},,Component prop (props.*),DANGEROUS:innerHTML,none,1,Unsanitised Component prop (props.*) flows to innerHTML. Vulnerable.
snippet_085,User comment rendering,"function uc17(){const c=location.hash.replace('#','');document.querySelector('#comments').textContent=c||'';}",,URL fragment (location.hash),safe:textContent,none,0,"URL fragment (location.hash) flows into textContent, safe sink so no XSS."
snippet_086,Error message from URL hash,function eh1(){const msg=location.hash.slice(1);document.querySelector('#error').innerText=msg||'';},,URL fragment (location.hash),safe:innerText,none,0,URL fragment (location.hash) into innerText. No HTML parsing so safe.
snippet_087,Error message from URL hash,function eh2(){const msg=location.hash.slice(1);document.querySelector('#error').innerHTML=msg||'';},,URL fragment (location.hash),DANGEROUS:innerHTML,none,1,Unsanitised URL fragment (location.hash) flows to innerHTML. Vulnerable.
snippet_088,Error message from URL hash,"function eh3(){const msg=decodeURIComponent(location.hash.replace('#',''));document.getElementById('error').innerText=msg||'';}",,URL fragment (location.hash),safe:innerText,none,0,"URL fragment (location.hash) to innerText. Safe, text only."
snippet_089,Error message from URL hash,"function eh4(){const msg=decodeURIComponent(location.hash.replace('#',''));document.getElementById('error').innerHTML=msg||'';}",,URL fragment (location.hash),DANGEROUS:innerHTML,none,1,innerHTML gets raw URL fragment (location.hash) data. Vulnerable.
snippet_090,Error message from URL hash,function eh5(){const msg=location.hash.substring(1);document.body.innerText=msg||'';},,URL fragment (location.hash),safe:innerText,none,0,URL fragment (location.hash) into innerText. No HTML parsing so safe.
snippet_091,Error message from URL hash,function eh6(){const msg=location.hash.substring(1);document.body.innerHTML=msg||'';},,URL fragment (location.hash),DANGEROUS:innerHTML,none,1,"URL fragment (location.hash) flows into innerHTML, no sanitisation. Vulnerable."
snippet_100,Error message from URL hash,function eh15(){const msg=decodeURIComponent(location.hash.slice(1));document.querySelector('#err').innerText=msg||'';},,URL fragment (location.hash),safe:innerText,none,0,URL fragment (location.hash) reaches innerText which is a safe sink.
snippet_101,Error message from URL hash,function eh16(){const msg=decodeURIComponent(location.hash.slice(1));document.querySelector('#err').innerHTML=msg||'';},,URL fragment (location.hash),DANGEROUS:innerHTML,none,1,URL fragment (location.hash) to innerHTML with no checks. Vulnerable.
snippet_102,Error message from URL hash,"function eh17(){const msg=location.hash.replace('#','');document.querySelector('#errorBox').textContent=msg||'';}",,URL fragment (location.hash),safe:textContent,none,0,"URL fragment (location.hash) to textContent. Safe, text only."
snippet_103,User profile card rendering,function up1(){const p=new URLSearchParams(location.search);document.querySelector('#card').innerText=p.get('name')||'';},,URL query (location.search),safe:innerText,none,0,URL query (location.search) written to innerText. Renders as text not HTML.
snippet_104,User profile card rendering,function up2(){const p=new URLSearchParams(location.search);document.querySelector('#card').innerHTML=p.get('name')||'';},,URL query (location.search),DANGEROUS:innerHTML,none,1,URL query (location.search) into innerHTML. No DOMPurify or encoding. Vulnerable.
snippet_105,User profile card rendering,function up3(){const name=location.hash.slice(1);document.querySelector('#card').innerText=name;},,URL fragment (location.hash),safe:innerText,none,0,"URL fragment (location.hash) written via innerText, not an HTML sink."
snippet_106,User profile card rendering,function up4(){const name=location.hash.slice(1);document.querySelector('#card').innerHTML=name;},,URL fragment (location.hash),DANGEROUS:innerHTML,none,1,URL fragment (location.hash) to innerHTML with no checks. Vulnerable.
snippet_107,User profile card rendering,function up5(){const i=document.querySelector('#username');document.querySelector('#card').innerText=i.value;},,None / hardcoded,safe:innerText,none,0,No user input flows into any sink here.
snippet_108,User profile card rendering,function up6(){const i=document.querySelector('#username');document.querySelector('#card').innerHTML=i.value;},,None / hardcoded,DANGEROUS:innerHTML,none,1,Form input (.value) written to innerHTML directly. Vulnerable.
snippet_109,User profile card rendering,function up7(props){document.querySelector('#card').textContent=props.name||'';},,Component prop (props.*),safe:textContent,none,0,Component prop (props.*) goes into textContent. Safe sink.
snippet_110,User profile card rendering,function up8(props){document.querySelector('#card').innerHTML=props.name||'';},,Component prop (props.*),DANGEROUS:innerHTML,none,1,Component prop (props.*) goes straight into innerHTML. Nothing cleaning it. Vulnerable.
snippet_119,User profile card rendering,"function up17(){const name=location.hash.replace('#','');document.querySelector('#card').textContent=name||'';}",,URL fragment (location.hash),safe:textContent,none,0,URL fragment (location.hash) goes into textContent. Safe sink.
snippet_120,Tag and filter display from URL,function tf1(){const p=new URLSearchParams(location.search);document.querySelector('#tags').innerText=p.get('tag')||'';},,URL query (location.search),safe:innerText,none,0,URL query (location.search) written to innerText. Renders as text not HTML.
snippet_121,Tag and filter display from URL,function tf2(){const p=new URLSearchParams(location.search);document.querySelector('#tags').innerHTML=p.get('tag')||'';},,URL query (location.search),DANGEROUS:innerHTML,none,1,URL query (location.search) into innerHTML. No DOMPurify or encoding. Vulnerable.
snippet_122,Tag and filter display from URL,function tf3(){const p=new URLSearchParams(location.search);document.querySelector('#filters').textContent=p.get('filter')||'';},,URL query (location.search),safe:textContent,none,0,textContent used here with URL query (location.search). Safe.
snippet_123,Tag and filter display from URL,function tf4(){const p=new URLSearchParams(location.search);document.querySelector('#filters').innerHTML=p.get('filter')||'';},,URL query (location.search),DANGEROUS:innerHTML,none,1,URL query (location.search) goes straight into innerHTML. Nothing cleaning it. Vulnerable.
snippet_124,Tag and filter display from URL,function tf5(){const tag=location.hash.slice(1);document.querySelector('#tags').innerText=tag;},,URL fragment (location.hash),safe:innerText,none,0,innerText used here with URL fragment (location.hash). Safe.
snippet_125,Tag and filter display from URL,function tf6(){const tag=location.hash.slice(1);document.querySelector('#tags').innerHTML=tag;},,URL fragment (location.hash),DANGEROUS:innerHTML,none,1,URL fragment (location.hash) goes straight into innerHTML. Nothing cleaning it. Vulnerable.
snippet_126,Tag and filter display from URL,function tf7(props){document.querySelector('#tags').textContent=props.tag||'';},,Component prop (props.*),safe:textContent,none,0,Component prop (props.*) written to textContent. Renders as text not HTML.
snippet_127,Tag and filter display from URL,function tf8(props){document.querySelector('#tags').innerHTML=props.tag||'';},,Component prop (props.*),DANGEROUS:innerHTML,none,1,innerHTML used with Component prop (props.*) and no mitigation. Vulnerable.
snippet_137,Referrer message display,function rf1(){document.querySelector('#ref').innerText='You came from: '+document.referrer;},,document.referrer,safe:innerText,none,0,"document.referrer written via innerText, not an HTML sink."
snippet_138,Referrer message display,function rf2(){document.querySelector('#ref').innerHTML='You came from: '+document.referrer;},,document.referrer,DANGEROUS:innerHTML,none,1,"document.referrer flows into innerHTML, no sanitisation. Vulnerable."
snippet_139,Referrer message display,function rf3(){document.querySelector('.referrer').textContent='Referrer: '+document.referrer;},,document.referrer,safe:textContent,none,0,textContent used here with document.referrer. Safe.
snippet_140,Referrer message display,function rf4(){document.querySelector('.referrer').innerHTML='Referrer: '+document.referrer;},,document.referrer,DANGEROUS:innerHTML,none,1,document.referrer written to innerHTML directly. No encoding. Vulnerable.
snippet_141,Referrer message display,function rf5(){document.body.innerText='Referrer: '+document.referrer;},,document.referrer,safe:innerText,none,0,document.referrer written to innerText. Renders as text not HTML.
snippet_142,Referrer message display,function rf6(){document.body.innerHTML='Referrer: '+document.referrer;},,document.referrer,DANGEROUS:innerHTML,none,1,Unsanitised document.referrer flows to innerHTML. Vulnerable.
snippet_143,Referrer message display,function rf7(){const p=new URLSearchParams(location.search);document.querySelector('#ref').innerText='Referrer: '+(p.get('source')||document.referrer);},,URL query (location.search); document.referrer,safe:innerText,none,0,innerText used here with URL query (location.search); document.referrer. Safe.
snippet_144,Referrer message display,function rf8(){const p=new URLSearchParams(location.search);document.querySelector('#ref').innerHTML='Referrer: '+(p.get('source')||document.referrer);},,URL query (location.search); document.referrer,DANGEROUS:innerHTML,none,1,Source URL query (location.search); document.referrer reaches innerHTML unsanitised. Vulnerable.
snippet_145,Referrer message display,function rf9(props){document.querySelector('#ref').textContent='Referrer: '+(props.source||document.referrer);},,document.referrer; Component prop (props.*),safe:textContent,none,0,document.referrer; Component prop (props.*) goes into textContent. Safe sink.
snippet_154,URL query parameter display,function hv1(){const p=new URLSearchParams(location.search);const val=p.get('name');document.getElementById('out').innerHTML=val;},Intermediate variable before innerHTML,URL query (location.search),DANGEROUS:innerHTML,none,1,Source URL query (location.search) reaches innerHTML unsanitised. Vulnerable.
snippet_155,Form input live preview,function hv2(){const i=document.querySelector('input');const preview=i.value;document.getElementById('preview').innerHTML=preview;},Input value via intermediate var to innerHTML,Form input value,DANGEROUS:innerHTML,none,1,Form input value into innerHTML. No DOMPurify or encoding. Vulnerable.
snippet_156,Username welcome message,function hv3(){const raw=location.hash.slice(1);const msg='Welcome '+raw;document.querySelector('#welcome').innerHTML=msg;},String concat then innerHTML,URL fragment (location.hash),DANGEROUS:innerHTML,none,1,innerHTML used with URL fragment (location.hash) and no mitigation. Vulnerable.
snippet_157,User comment rendering,function hv4(){const params=new URLSearchParams(location.search);const comment=params.get('c')||'';document.querySelector('#comments').outerHTML='<div>'+comment+'</div>';},outerHTML with string concat,URL query (location.search),DANGEROUS:outerHTML,none,1,Unsanitised URL query (location.search) flows to outerHTML. Vulnerable.
snippet_158,Search term heading,function hv5(){const q=location.search.split('=')[1];document.querySelector('h1').innerHTML='Results for: '+q;},Split then concat to innerHTML,URL query (location.search),DANGEROUS:innerHTML,none,1,User data from URL query (location.search) into innerHTML without sanitisation.
snippet_161,Tag and filter display from URL,function hv8(){const tag=new URLSearchParams(location.search).get('tag');const html='<span>'+tag+'</span>';document.querySelector('#tags').innerHTML=html;},Build html string then assign,URL query (location.search),DANGEROUS:innerHTML,none,1,URL query (location.search) to innerHTML with no checks. Vulnerable.
snippet_165,Username welcome message,"function hv12(){const name=location.href.split('user=')[1];document.getElementById('welcome').insertAdjacentHTML('beforeend','<b>'+name+'</b>');}",insertAdjacentHTML with href,Full URL (location.href),DANGEROUS:insertAdjacentHTML,none,1,Full URL (location.href) written to insertAdjacentHTML directly. No encoding. Vulnerable.
snippet_166,User comment rendering,function hv13(){const c=document.referrer.split('/').pop();document.querySelector('.comment').innerHTML=c;},Referrer path segment to innerHTML,document.referrer,DANGEROUS:innerHTML,none,1,document.referrer into innerHTML. No DOMPurify or encoding. Vulnerable.
snippet_167,Search term heading,function hv14(){const term=location.hash.substring(1);const h=document.createElement('h2');h.innerHTML=term;document.body.appendChild(h);},createElement then innerHTML,URL fragment (location.hash),DANGEROUS:innerHTML,none,1,"URL fragment (location.hash) flows into innerHTML, no sanitisation. Vulnerable."
snippet_168,Error message from URL hash,"function hv15(){const msg=location.search.replace('?msg=','');document.querySelector('#error').outerHTML='<p class=error>'+msg+'</p>';}",Replace then outerHTML concat,URL query (location.search),DANGEROUS:outerHTML,none,1,URL query (location.search) to outerHTML with no checks. Vulnerable.
snippet_169,User profile card rendering,function hs1(){document.getElementById('card').innerHTML='<strong>Welcome back!</strong>';},innerHTML but hardcoded string only,None / hardcoded,DANGEROUS:innerHTML,none,0,Static content only. Safe regardless of sink.
snippet_170,URL query parameter display,"function hs2(){const allowed={'home':'Home Page','about':'About Us'};const p=new URLSearchParams(location.search);const key=p.get('page');document.getElementById('out').textContent=allowed[key]||'Not found';}",Allowlist lookup then textContent,URL query (location.search),safe:textContent,object/array allowlist lookup,0,textContent used but object/array allowlist lookup applied to URL query (location.search) first. Safe.
snippet_171,Form input live preview,"function hs3(){const i=document.querySelector('input');const safe=i.value.replace(/[<>]/g,'');document.getElementById('preview').innerHTML=safe;}",Basic encode before innerHTML,Form input value,DANGEROUS:innerHTML,weak <> stripping (blocklist),0,"Form input value reaches innerHTML, mitigated by weak <> stripping (blocklist)."
snippet_172,Username welcome message,function hs4(){document.querySelector('#welcome').innerHTML='<em>Hello there!</em>';},innerHTML with static markup,None / hardcoded,DANGEROUS:innerHTML,none,0,No user input flows into any sink here.
snippet_173,User comment rendering,function hs5(){const c=document.querySelector('textarea').value;const node=document.createTextNode(c);document.querySelector('#comments').appendChild(node);},createTextNode for user input,Form input value,safe:createTextNode,createTextNode rerouting,0,Form input value to createTextNode with createTextNode rerouting in between. Adequate.
snippet_174,Search term heading,"function hs6(){const terms={'news':'Latest News','sports':'Sports','tech':'Technology'};const q=new URLSearchParams(location.search).get('cat');document.querySelector('h1').textContent=terms[q]||'Home';}",Strict allowlist,URL query (location.search),safe:textContent,object/array allowlist lookup,0,URL query (location.search) into textContent but object/array allowlist lookup applied. Safe.
snippet_175,Error message from URL hash,"function hs7(){const errors={'404':'Page not found','500':'Server error'};const code=location.hash.slice(1);document.getElementById('alert').textContent=errors[code]||'Unknown error';}",Error code lookup allowlist,URL fragment (location.hash),safe:textContent,object/array allowlist lookup,0,URL fragment (location.hash) into textContent but object/array allowlist lookup applied. Safe.
snippet_176,User profile card rendering,function hs8(props){const name=document.createTextNode(props.name||'');document.querySelector('#card').appendChild(name);},createTextNode from prop,Component prop (props.*),safe:createTextNode,createTextNode rerouting,0,Component prop (props.*) into createTextNode but createTextNode rerouting applied. Safe.
snippet_177,Tag and filter display from URL,function hs9(){document.querySelector('#tags').innerHTML='<span>All</span><span>Recent</span><span>Popular</span>';},innerHTML but fully hardcoded,None / hardcoded,DANGEROUS:innerHTML,none,0,"Hardcoded content, no user-controlled source."
snippet_178,Referrer message display,function hs10(){const ref=document.referrer;try{const url=new URL(ref);document.querySelector('#ref').textContent='From: '+url.hostname;}catch{document.querySelector('#ref').textContent='Direct visit';}},URL parse then textContent,document.referrer,safe:textContent,URL parse + structural check,0,URL parse + structural check used before textContent. Cleans the document.referrer data. Safe.
snippet_179,URL query parameter display,"function hs11(){const p=new URLSearchParams(location.search);const raw=p.get('name')||'';const safe=raw.replace(/&/g,'&amp;').replace(/</g,'&lt;').replace(/>/g,'&gt;');document.getElementById('out').innerHTML=safe;}",Manual HTML encode before innerHTML,URL query (location.search),DANGEROUS:innerHTML,HTML entity encoding,0,"URL query (location.search) reaches innerHTML, mitigated by HTML entity encoding."
snippet_180,Form input live preview,"function hs12(){const i=document.querySelector('input');i.addEventListener('input',()=>{document.getElementById('live').textContent=i.value;});}",Event listener with textContent,Form input value,safe:textContent,none,0,Form input value written to textContent. Renders as text not HTML.
snippet_181,Username welcome message,"function hs13(){const valid=/^[a-zA-Z0-9_]{1,20}$/.test(location.hash.slice(1));if(valid)document.querySelector('h1').textContent='Hello '+location.hash.slice(1);}",Regex validation before textContent,URL fragment (location.hash),safe:textContent,regex allowlist validation,0,URL fragment (location.hash) to textContent with regex allowlist validation in between. Adequate.
snippet_182,User comment rendering,"function hs14(){const c=document.querySelector('textarea').value;document.querySelector('#comments').textContent+=c+'
';}",textContent append,Form input value,safe:textContent,none,0,Form input value written to textContent. Renders as text not HTML.
snippet_183,Search term heading,function hs15(){document.querySelector('h1').innerHTML='<span class=highlight>Search Results</span>';},innerHTML with static content only,None / hardcoded,DANGEROUS:innerHTML,none,0,"Hardcoded content, no user-controlled source."
snippet_184,GitHub - real world,function showMessage(){var msg=decodeURIComponent(window.location.search.split('msg=')[1]||'');$('#message-box').html(msg);},jQuery .html() with decoded query param -- common in legacy codebases,URL query (location.search),DANGEROUS:jQuery.html(),none,1,Unsanitised URL query (location.search) flows to jQuery.html(). Vulnerable.
snippet_185,GitHub - real world,function renderUsername(){var n=location.href.split('user=').pop().split('&')[0];document.getElementById('name').innerHTML=n;},href split pattern for param extraction then innerHTML,Full URL (location.href),DANGEROUS:innerHTML,none,1,Full URL (location.href) written to innerHTML directly. No encoding. Vulnerable.
snippet_186,GitHub - real world,$(document).ready(function(){var q=getParameterByName('q');if(q){$('#results-header').html('Results for: '+q);}});,jQuery ready with helper function and .html() concat,None / hardcoded,DANGEROUS:jQuery.html(),none,1,URL query param into jQuery .html() with no encoding. Vulnerable.
snippet_187,GitHub - real world,function loadComment(data){var container=document.querySelector('.comment-body');container.innerHTML=data.comment;container.style.display='block';},Function param data to innerHTML -- typical AJAX callback pattern,Function parameter (assumed untrusted),DANGEROUS:innerHTML,none,1,Source Function parameter (assumed untrusted) reaches innerHTML unsanitised. Vulnerable.
snippet_188,GitHub - real world,var hash=window.location.hash.substring(1);if(hash){document.title='Search: '+hash;document.querySelector('h1').innerHTML='Search: '+hash;},Hash to innerHTML with string concat -- document.title also set,URL fragment (location.hash),DANGEROUS:innerHTML,none,1,innerHTML used with URL fragment (location.hash) and no mitigation. Vulnerable.
snippet_189,GitHub - real world,function setPageContent(html){document.getElementById('content').innerHTML=html;}window.onload=function(){setPageContent(atob(location.hash.slice(1)));};,Base64 decoded hash to innerHTML via function call chain,URL fragment (location.hash); Function parameter (assumed untrusted),DANGEROUS:innerHTML,none,1,URL fragment (location.hash); Function parameter (assumed untrusted) goes straight into innerHTML. Nothing cleaning it. Vulnerable.
snippet_190,GitHub - real world,"var params=new URLSearchParams(document.location.search);var name=params.get('name');document.querySelector('.user-greeting').innerHTML='Welcome back, '+name+'!';",document.location pattern and greeting concat to innerHTML,URL query (location.search),DANGEROUS:innerHTML,none,1,URL query (location.search) written to innerHTML directly. No encoding. Vulnerable.
snippet_191,GitHub - real world,function updatePreview(){var val=document.forms['myForm']['input'].value;document.getElementById('preview').innerHTML=val;}document.forms['myForm']['input'].oninput=updatePreview;,Form value via forms collection to innerHTML via named function,Form input value,DANGEROUS:innerHTML,none,1,Form input value to innerHTML with no checks. Vulnerable.
snippet_192,GitHub - real world,var referrer=document.referrer;var source=referrer?new URL(referrer).hostname:'direct';document.querySelector('#traffic-source').innerHTML='<em>Via: '+source+'</em>';,Referrer hostname extracted then concat into innerHTML,document.referrer,DANGEROUS:innerHTML,URL parse + structural check,1,document.referrer into innerHTML. URL parse + structural check present but not adequate. Vulnerable.
snippet_193,GitHub - real world,"function displayError(msg){var div=document.createElement('div');div.className='error';div.innerHTML=msg;document.body.insertBefore(div,document.body.firstChild);}displayError(location.hash.slice(1));","createElement then innerHTML inside function, called with hash",URL fragment (location.hash); Function parameter (assumed untrusted),DANGEROUS:innerHTML; safe:className,none,1,URL fragment (location.hash); Function parameter (assumed untrusted) goes straight into innerHTML; className. Nothing cleaning it. Vulnerable.
snippet_194,GitHub - real world,function renderUsername(){var n=location.href.split('user=').pop().split('&')[0];document.getElementById('name').textContent=n;},Same href split pattern but textContent -- safe version,Full URL (location.href),safe:textContent,none,0,"Uses textContent for Full URL (location.href). Text sink, safe."
snippet_195,GitHub - real world,$(document).ready(function(){var q=getParameterByName('q');if(q){$('#results-header').text('Results for: '+q);}});,jQuery .text() instead of .html() -- safe,None / hardcoded,safe:jQuery.text(),none,0,No untrusted source. Safe.
snippet_196,GitHub - real world,function showMessage(){var msg=decodeURIComponent(window.location.search.split('msg=')[1]||'');document.getElementById('message-box').textContent=msg;},Same decoding pattern but textContent,URL query (location.search),safe:textContent,none,0,URL query (location.search) goes into textContent. Safe sink.
snippet_197,GitHub - real world,function loadComment(data){var container=document.querySelector('.comment-body');container.textContent=data.comment;container.style.display='block';},AJAX callback but textContent,Function parameter (assumed untrusted),safe:textContent,none,0,"Function parameter (assumed untrusted) written via textContent, not an HTML sink."
snippet_198,GitHub - real world,"var hash=window.location.hash.substring(1);if(hash){var clean=hash.replace(/[^a-zA-Z0-9\s]/g,'');document.querySelector('h1').textContent='Search: '+clean;}",Hash with regex sanitisation then textContent,URL fragment (location.hash),safe:textContent,none,0,URL fragment (location.hash) goes into textContent. Safe sink.
snippet_199,GitHub - real world,function updatePreview(){var val=document.forms['myForm']['input'].value;var node=document.createTextNode(val);var prev=document.getElementById('preview');prev.innerHTML='';prev.appendChild(node);},createTextNode pattern -- innerHTML cleared then text node appended,Form input value,DANGEROUS:innerHTML; safe:createTextNode,createTextNode rerouting,0,createTextNode rerouting used before innerHTML; createTextNode. Cleans the Form input value data. Safe.
snippet_200,GitHub - real world,"var params=new URLSearchParams(document.location.search);var page=params.get('page');var allowed=['home','about','contact'];document.querySelector('.nav-title').textContent=allowed.includes(page)?page:'home';",Allowlist check then textContent,URL query (location.search),safe:textContent,array allowlist (.includes),0,"URL query (location.search) reaches textContent, mitigated by array allowlist (.includes)."
snippet_201,GitHub - real world,function setStatus(msg){var p=document.createElement('p');p.textContent=msg;document.getElementById('status').appendChild(p);}setStatus(location.hash.slice(1));,createElement with textContent called with hash value,URL fragment (location.hash); Function parameter (assumed untrusted),safe:textContent,none,0,textContent used here with URL fragment (location.hash); Function parameter (assumed untrusted). Safe.
snippet_202,GitHub - real world,document.getElementById('footer').innerHTML='<p>&copy; 2024 MyApp. All rights reserved.</p>';,innerHTML with fully hardcoded copyright string -- no user data,None / hardcoded,DANGEROUS:innerHTML,none,0,"Only hardcoded values, no user data involved."
snippet_203,GitHub - real world,function renderNav(items){var ul=document.createElement('ul');items.forEach(function(item){var li=document.createElement('li');li.textContent=item.label;ul.appendChild(li);});return ul;},Dynamic nav from data object using textContent -- no user input from URL,Function parameter (assumed untrusted),safe:textContent,none,0,Function parameter (assumed untrusted) reaches textContent which is a safe sink.
snippet_204,URL query parameter display,function qp_a(){const p=new URLSearchParams(location.search);document.write('<p>'+p.get('msg')+'</p>');},document.write with concat - classic XSS sink,URL query (location.search),DANGEROUS:document.write,none,1,User data from URL query (location.search) into document.write without sanitisation.
snippet_205,URL query parameter display,function qp_b(){const p=new URLSearchParams(location.search);document.querySelector('#out').outerHTML=p.get('msg')||'';},outerHTML replaces the element entirely with parsed markup,URL query (location.search),DANGEROUS:outerHTML,none,1,User data from URL query (location.search) into outerHTML without sanitisation.
snippet_206,URL query parameter display,function qp_c(){const p=new URLSearchParams(location.search);$('#out').html(p.get('msg'));},jQuery .html() parses HTML same as innerHTML,URL query (location.search),DANGEROUS:jQuery.html(),none,1,User data from URL query (location.search) into jQuery.html() without sanitisation.
snippet_207,URL query parameter display,"function qp_d(){const p=new URLSearchParams(location.search);document.getElementById('out').insertAdjacentHTML('beforeend',p.get('msg')||'');}",insertAdjacentHTML parses markup,URL query (location.search),DANGEROUS:insertAdjacentHTML,none,1,URL query (location.search) written to insertAdjacentHTML directly. No encoding. Vulnerable.
snippet_208,URL query parameter display,"function qp_e(){const p=new URLSearchParams(location.search);document.getElementById('out').setAttribute('data-msg',p.get('msg')||'');}",setAttribute on safe data-* attribute does not execute script,URL query (location.search),safe:setAttribute (text-only attr),none,0,"Uses setAttribute (text-only attr) for URL query (location.search). Text sink, safe."
snippet_209,URL query parameter display,function qp_f(){const p=new URLSearchParams(location.search);const el=document.getElementById('out');el.textContent='';el.appendChild(document.createTextNode(p.get('msg')||''));},Explicit textNode appendChild - safe,URL query (location.search),safe:textContent; safe:createTextNode,createTextNode rerouting,0,URL query (location.search) into textContent; createTextNode but createTextNode rerouting applied. Safe.
snippet_210,URL query parameter display,function qp_g(){const p=new URLSearchParams(location.search);document.getElementById('out').className=p.get('theme')||'default';},"className assignment from URL - safe (string property, no parsing)",URL query (location.search),safe:className,none,0,URL query (location.search) written to className. Renders as text not HTML.
snippet_211,URL query parameter display,function qp_h(){const p=new URLSearchParams(location.search);const safe=DOMPurify.sanitize(p.get('msg')||'');document.getElementById('out').innerHTML=safe;},DOMPurify sanitisation before innerHTML - the OWASP-recommended path,URL query (location.search),DANGEROUS:innerHTML,DOMPurify sanitisation,0,URL query (location.search) into innerHTML but DOMPurify sanitisation applied. Safe.
snippet_212,Search term heading,function sh_a(){const p=new URLSearchParams(location.search);document.write('<h1>Results: '+p.get('q')+'</h1>');},document.write with query param,URL query (location.search),DANGEROUS:document.write,none,1,URL query (location.search) written to document.write directly. No encoding. Vulnerable.
snippet_213,Search term heading,function sh_b(){const p=new URLSearchParams(location.search);document.querySelector('h1').outerHTML='<h1>'+p.get('q')+'</h1>';},outerHTML rebuild with concat,URL query (location.search),DANGEROUS:outerHTML,none,1,User data from URL query (location.search) into outerHTML without sanitisation.
snippet_214,Search term heading,function sh_c(){const p=new URLSearchParams(location.search);$('h1').html('Results: '+p.get('q'));},jQuery .html() concat,URL query (location.search),DANGEROUS:jQuery.html(),none,1,URL query (location.search) into jQuery.html(). No DOMPurify or encoding. Vulnerable.
snippet_215,Search term heading,"function sh_d(){const p=new URLSearchParams(location.search);document.querySelector('h1').setAttribute('title',p.get('q')||'');}",setAttribute on title is safe - title attr does not execute script,URL query (location.search),safe:setAttribute (text-only attr),none,0,"URL query (location.search) to setAttribute (text-only attr). Safe, text only."
snippet_216,Search term heading,function sh_e(){const p=new URLSearchParams(location.search);const h=document.querySelector('h1');h.replaceChildren(document.createTextNode(p.get('q')||''));},replaceChildren with text node - safe modern API,URL query (location.search),safe:createTextNode; safe:replaceChildren (text args),createTextNode rerouting,0,createTextNode rerouting used before createTextNode; replaceChildren (text args). Cleans the URL query (location.search) data. Safe.
snippet_217,Search term heading,"function sh_f(){const p=new URLSearchParams(location.search);const policy=trustedTypes.createPolicy('search',{createHTML:s=>s.replace(/[<>&]/g,c=>({'<':'&lt;','>':'&gt;','&':'&amp;'}[c]))});document.querySelector('h1').innerHTML=policy.createHTML(p.get('q')||'');}",Trusted Types policy with encoding - safe,URL query (location.search),DANGEROUS:innerHTML,Trusted Types policy,0,"URL query (location.search) reaches innerHTML, mitigated by Trusted Types policy."
snippet_218,Form input live preview,function fp_a(){const i=document.querySelector('input');document.write(i.value);},document.write with input value - executes during page load,Form input value,DANGEROUS:document.write,none,1,document.write used with Form input value and no mitigation. Vulnerable.
snippet_219,Form input live preview,function fp_b(){const i=document.querySelector('input');document.getElementById('preview').outerHTML='<div>'+i.value+'</div>';},outerHTML concat with input,Form input value,DANGEROUS:outerHTML,none,1,Form input value goes straight into outerHTML. Nothing cleaning it. Vulnerable.
snippet_220,Form input live preview,function fp_c(){const i=document.querySelector('input');$('#preview').html(i.value);},jQuery .html() with input value,Form input value,DANGEROUS:jQuery.html(),none,1,Form input value written to jQuery.html() directly. No encoding. Vulnerable.
snippet_221,Form input live preview,function fp_d(){const i=document.querySelector('input');new Function(i.value)();},Function() constructor evaluates input as code - severe,Form input value,DANGEROUS:Function() constructor,none,1,Source Form input value reaches Function() constructor unsanitised. Vulnerable.
snippet_222,Form input live preview,"function fp_e(){const i=document.querySelector('input');document.getElementById('preview').setAttribute('aria-label',i.value);}",setAttribute on aria-label is safe,Form input value,safe:setAttribute (text-only attr),none,0,"Form input value to setAttribute (text-only attr). Safe, text only."
snippet_223,Form input live preview,function fp_f(){const i=document.querySelector('input');document.getElementById('preview').dataset.value=i.value;},dataset assignment - safe (no HTML parsing),Form input value,safe:dataset,none,0,dataset used here with Form input value. Safe.
snippet_224,Form input live preview,function fp_g(){const i=document.querySelector('input');const div=document.createElement('div');div.textContent=i.value;document.getElementById('preview').replaceChildren(div);},Build with textContent then replaceChildren - safe,Form input value,safe:textContent; safe:replaceChildren (text args),none,0,"Source is Form input value, sink is textContent; replaceChildren (text args). Safe sink."
snippet_225,Username welcome message,function uw_a(){const p=new URLSearchParams(location.search);document.write('Welcome '+p.get('user'));},document.write greeting,URL query (location.search),DANGEROUS:document.write,none,1,URL query (location.search) into document.write. No DOMPurify or encoding. Vulnerable.
snippet_226,Username welcome message,function uw_b(){const p=new URLSearchParams(location.search);document.querySelector('#welcome').outerHTML='<h1>Hi '+p.get('user')+'</h1>';},outerHTML greeting concat,URL query (location.search),DANGEROUS:outerHTML,none,1,URL query (location.search) goes straight into outerHTML. Nothing cleaning it. Vulnerable.
snippet_227,Username welcome message,function uw_c(){const p=new URLSearchParams(location.search);$('#welcome').html('Welcome '+p.get('user'));},jQuery .html() greeting,URL query (location.search),DANGEROUS:jQuery.html(),none,1,URL query (location.search) into jQuery.html(). No DOMPurify or encoding. Vulnerable.
snippet_228,Username welcome message,"function uw_d(){const p=new URLSearchParams(location.search);setTimeout('alert(""Hi ""+""'+p.get('user')+'"")',100);}",setTimeout with string concat - eval-equivalent sink,URL query (location.search),DANGEROUS:setTimeout(string),none,1,User data from URL query (location.search) into setTimeout(string) without sanitisation.
snippet_229,Username welcome message,"function uw_e(){const p=new URLSearchParams(location.search);eval('var name=""'+p.get('user')+'""');}",eval with URL param string concat,URL query (location.search),DANGEROUS:eval,none,1,eval used with URL query (location.search) and no mitigation. Vulnerable.
snippet_230,Username welcome message,"function uw_f(){const p=new URLSearchParams(location.search);document.querySelector('#welcome').setAttribute('data-user',p.get('user')||'');}",Safe data attribute,URL query (location.search),safe:setAttribute (text-only attr),none,0,"URL query (location.search) flows into setAttribute (text-only attr), safe sink so no XSS."
snippet_231,Username welcome message,"function uw_g(){const p=new URLSearchParams(location.search);document.querySelector('#welcome').replaceChildren('Welcome ',p.get('user')||'');}",replaceChildren with strings - treated as text nodes,URL query (location.search),safe:replaceChildren (text args),none,0,"Uses replaceChildren (text args) for URL query (location.search). Text sink, safe."
snippet_232,Username welcome message,"function uw_h(){const p=new URLSearchParams(location.search);const name=p.get('user')||'';if(/^[\w-]{1,30}$/.test(name)){document.querySelector('#welcome').textContent='Welcome '+name;}}",Strict regex allowlist before textContent,URL query (location.search),safe:textContent,none,0,"Source is URL query (location.search), sink is textContent. Safe sink."
snippet_233,User comment rendering,function uc_a(data){document.write('<div class=comment>'+data.body+'</div>');},document.write from AJAX response,Function parameter (assumed untrusted),DANGEROUS:document.write,none,1,Function parameter (assumed untrusted) written to document.write directly. No encoding. Vulnerable.
snippet_234,User comment rendering,function uc_b(data){document.querySelector('#comments').outerHTML='<div>'+data.body+'</div>';},outerHTML from AJAX,Function parameter (assumed untrusted),DANGEROUS:outerHTML,none,1,Function parameter (assumed untrusted) into outerHTML. No DOMPurify or encoding. Vulnerable.
snippet_235,User comment rendering,function uc_c(data){$('#comments').html(data.body);},jQuery .html() from AJAX response,Function parameter (assumed untrusted),DANGEROUS:jQuery.html(),none,1,Unsanitised Function parameter (assumed untrusted) flows to jQuery.html(). Vulnerable.
snippet_236,User comment rendering,"function uc_d(data){document.querySelector('#comments').insertAdjacentHTML('beforeend','<p>'+data.body+'</p>');}",insertAdjacentHTML from AJAX,Function parameter (assumed untrusted),DANGEROUS:insertAdjacentHTML,none,1,Function parameter (assumed untrusted) to insertAdjacentHTML with no checks. Vulnerable.
snippet_237,User comment rendering,function uc_e(data){const safe=DOMPurify.sanitize(data.body);document.querySelector('#comments').innerHTML=safe;},DOMPurify before innerHTML - safe,Function parameter (assumed untrusted),DANGEROUS:innerHTML,DOMPurify sanitisation,0,DOMPurify sanitisation used before innerHTML. Cleans the Function parameter (assumed untrusted) data. Safe.
snippet_238,User comment rendering,function uc_f(data){const p=document.createElement('p');p.textContent=data.body;document.querySelector('#comments').appendChild(p);},Build with textContent then append - safe,Function parameter (assumed untrusted),safe:textContent,none,0,textContent used here with Function parameter (assumed untrusted). Safe.
snippet_239,User comment rendering,function uc_g(data){$('#comments').text(data.body);},jQuery .text() with AJAX data - safe,Function parameter (assumed untrusted),safe:jQuery.text(),none,0,"Source is Function parameter (assumed untrusted), sink is jQuery.text(). Safe sink."
snippet_240,Error message from URL hash,function eh_a(){const m=location.hash.slice(1);document.write('<div class=err>'+m+'</div>');},document.write of hash content,URL fragment (location.hash),DANGEROUS:document.write,none,1,User data from URL fragment (location.hash) into document.write without sanitisation.
snippet_241,Error message from URL hash,function eh_b(){const m=location.hash.slice(1);document.querySelector('#err').outerHTML='<div>'+m+'</div>';},outerHTML of hash,URL fragment (location.hash),DANGEROUS:outerHTML,none,1,outerHTML gets raw URL fragment (location.hash) data. Vulnerable.
snippet_242,Error message from URL hash,function eh_c(){const m=location.hash.slice(1);$('#err').html(m);},jQuery .html() with hash,URL fragment (location.hash),DANGEROUS:jQuery.html(),none,1,URL fragment (location.hash) to jQuery.html() with no checks. Vulnerable.
snippet_243,Error message from URL hash,function eh_d(){const m=location.hash.slice(1);eval(m);},Direct eval of URL fragment - severe,URL fragment (location.hash),DANGEROUS:eval,none,1,eval used with URL fragment (location.hash) and no mitigation. Vulnerable.
snippet_244,Error message from URL hash,"function eh_e(){const m=location.hash.slice(1);document.querySelector('#err').setAttribute('data-code',m);}",Safe data attribute storage,URL fragment (location.hash),safe:setAttribute (text-only attr),none,0,setAttribute (text-only attr) used here with URL fragment (location.hash). Safe.
snippet_245,Error message from URL hash,"function eh_f(){const m=location.hash.slice(1);const safe=DOMPurify.sanitize(m,{ALLOWED_TAGS:['b','i']});document.querySelector('#err').innerHTML=safe;}",DOMPurify with restricted tag allowlist,URL fragment (location.hash),DANGEROUS:innerHTML,DOMPurify sanitisation,0,innerHTML used but DOMPurify sanitisation applied to URL fragment (location.hash) first. Safe.
snippet_246,User profile card rendering,function up_a(props){document.write('<div class=card>'+props.name+'</div>');},document.write from prop,Component prop (props.*),DANGEROUS:document.write,none,1,document.write gets raw Component prop (props.*) data. Vulnerable.
snippet_247,User profile card rendering,function up_b(props){$('#card').html('<h2>'+props.name+'</h2>');},jQuery .html() with prop,Component prop (props.*),DANGEROUS:jQuery.html(),none,1,Component prop (props.*) into jQuery.html(). No DOMPurify or encoding. Vulnerable.
snippet_248,User profile card rendering,"function up_c(props){document.querySelector('#card').insertAdjacentHTML('beforeend','<span>'+props.bio+'</span>');}",insertAdjacentHTML with prop,Component prop (props.*),DANGEROUS:insertAdjacentHTML,none,1,Source Component prop (props.*) reaches insertAdjacentHTML unsanitised. Vulnerable.
snippet_249,User profile card rendering,function up_d(props){const card=document.querySelector('#card');card.replaceChildren();const h=document.createElement('h2');h.textContent=props.name||'';card.appendChild(h);},DOM API construction with textContent,Component prop (props.*),safe:textContent; safe:replaceChildren (text args),none,0,textContent; replaceChildren (text args) used here with Component prop (props.*). Safe.
snippet_250,User profile card rendering,function up_e(props){const safe=DOMPurify.sanitize(props.bio||'');document.querySelector('#card').innerHTML=safe;},DOMPurify on prop,Component prop (props.*),DANGEROUS:innerHTML,DOMPurify sanitisation,0,DOMPurify sanitisation used before innerHTML. Cleans the Component prop (props.*) data. Safe.
snippet_251,Tag and filter display from URL,function tf_a(){const p=new URLSearchParams(location.search);document.write('<span class=tag>'+p.get('tag')+'</span>');},document.write of tag,URL query (location.search),DANGEROUS:document.write,none,1,Source URL query (location.search) reaches document.write unsanitised. Vulnerable.
snippet_252,Tag and filter display from URL,function tf_b(){const p=new URLSearchParams(location.search);$('#tags').html('<span>'+p.get('tag')+'</span>');},jQuery .html() concat,URL query (location.search),DANGEROUS:jQuery.html(),none,1,URL query (location.search) written to jQuery.html() directly. No encoding. Vulnerable.
snippet_253,Tag and filter display from URL,"function tf_c(){const p=new URLSearchParams(location.search);const tag=p.get('tag')||'';if(/^[a-z0-9-]{1,20}$/i.test(tag)){const s=document.createElement('span');s.textContent=tag;document.querySelector('#tags').appendChild(s);}}",Regex allowlist + DOM API + textContent,URL query (location.search),safe:textContent,regex allowlist validation,0,URL query (location.search) into textContent but regex allowlist validation applied. Safe.
snippet_254,Tag and filter display from URL,"function tf_d(){const p=new URLSearchParams(location.search);document.querySelector('#tags').setAttribute('data-active',p.get('tag')||'');}",Safe data attribute,URL query (location.search),safe:setAttribute (text-only attr),none,0,URL query (location.search) reaches setAttribute (text-only attr) which is a safe sink.
snippet_255,Referrer message display,function rf_a(){document.write('From: '+document.referrer);},document.write of referrer,document.referrer,DANGEROUS:document.write,none,1,document.write used with document.referrer and no mitigation. Vulnerable.
snippet_256,Referrer message display,function rf_b(){$('#ref').html('From: '+document.referrer);},jQuery .html() of referrer,document.referrer,DANGEROUS:jQuery.html(),none,1,Source document.referrer reaches jQuery.html() unsanitised. Vulnerable.
snippet_257,Referrer message display,function rf_c(){document.querySelector('#ref').outerHTML='<p>From: '+document.referrer+'</p>';},outerHTML of referrer,document.referrer,DANGEROUS:outerHTML,none,1,document.referrer to outerHTML with no checks. Vulnerable.
snippet_258,Referrer message display,"function rf_d(){try{const u=new URL(document.referrer);document.querySelector('#ref').setAttribute('data-host',u.hostname);}catch{}}","URL parse, hostname only, safe attribute",document.referrer,safe:setAttribute (text-only attr),URL parse + structural check,0,URL parse + structural check used before setAttribute (text-only attr). Cleans the document.referrer data. Safe.
snippet_259,Referrer message display,function rf_e(){const ref=document.referrer;document.querySelector('#ref').replaceChildren(document.createTextNode('From: '+ref));},Text node from referrer,document.referrer,safe:createTextNode; safe:replaceChildren (text args),createTextNode rerouting,0,document.referrer to createTextNode; replaceChildren (text args) with createTextNode rerouting in between. Adequate.
snippet_260,GitHub - real world,"function loadFragment(){var url='/fragments/'+location.hash.slice(1)+'.html';$.get(url,function(html){$('#content').html(html);});}",Fetched HTML written via jQuery .html() - real-world template loader pattern,URL fragment (location.hash); Server response (fetch/AJAX),DANGEROUS:jQuery.html(),none,1,Source URL fragment (location.hash); Server response (fetch/AJAX) reaches jQuery.html() unsanitised. Vulnerable.
snippet_261,GitHub - real world,"function safeLoad(){var allowed=['header','footer','sidebar'];var name=location.hash.slice(1);if(allowed.indexOf(name)>-1){$.get('/fragments/'+name+'.html',function(html){$('#content').html(html);});}}",Allowlist check on fragment name before fetch - the path is safe even if .html() is used because source is constrained,URL fragment (location.hash); Server response (fetch/AJAX),DANGEROUS:jQuery.html(),array allowlist (indexOf),0,URL fragment (location.hash); Server response (fetch/AJAX) to jQuery.html() with array allowlist (indexOf) in between. Adequate.
snippet_262,Dynamic link href from URL,function dl1(){const p=new URLSearchParams(location.search);document.querySelector('a').href=p.get('next')||'/';},href from URL param - vulnerable to javascript: scheme,URL query (location.search),URL-SINK:.href (javascript: scheme risk),none,1,URL query (location.search) written to .href (javascript: scheme risk) directly. No encoding. Vulnerable.
snippet_263,Dynamic link href from URL,"function dl2(){const p=new URLSearchParams(location.search);document.querySelector('a').setAttribute('href',p.get('next')||'/');}",setAttribute href - same javascript: scheme risk,URL query (location.search),URL-SINK:setAttribute(href/src),none,1,User data from URL query (location.search) into setAttribute(href/src) without sanitisation.
snippet_264,Dynamic link href from URL,function dl3(){const p=new URLSearchParams(location.search);const a=document.createElement('a');a.href=p.get('url');a.textContent='click';document.body.appendChild(a);},Created link with URL param href - javascript: scheme risk,URL query (location.search),URL-SINK:.href (javascript: scheme risk); safe:textContent,none,1,"URL query (location.search) flows into .href (javascript: scheme risk); textContent, no sanitisation. Vulnerable."
snippet_265,Dynamic link href from URL,function dl4(){const url=location.hash.slice(1);document.getElementById('back').href=url;},href from location.hash - javascript: payload via fragment,URL fragment (location.hash),URL-SINK:.href (javascript: scheme risk),none,1,URL fragment (location.hash) goes straight into .href (javascript: scheme risk). Nothing cleaning it. Vulnerable.
snippet_266,Dynamic link href from URL,function dl5(){const p=new URLSearchParams(location.search);document.querySelector('a').href='/redirect?to='+p.get('next');},URL param interpolated into local href path - safe (scheme is fixed),URL query (location.search),URL-SINK:.href (javascript: scheme risk),none,0,"URL query flows into .href but value is built from a fixed path prefix, not raw user input. Safe."
snippet_267,Dynamic link href from URL,function dl6(){const p=new URLSearchParams(location.search);const next=p.get('next')||'/';if(/^\/[a-z0-9/_-]*$/i.test(next))document.querySelector('a').href=next;},Regex allowlist for path-only URLs - safe,URL query (location.search),URL-SINK:.href (javascript: scheme risk),regex allowlist validation,0,.href (javascript: scheme risk) used but regex allowlist validation applied to URL query (location.search) first. Safe.
snippet_268,Dynamic link href from URL,"function dl7(){const p=new URLSearchParams(location.search);try{const u=new URL(p.get('next'),location.origin);if(u.origin===location.origin)document.querySelector('a').href=u.href;}catch{}}",URL parse with same-origin check - safe,URL query (location.search),URL-SINK:.href (javascript: scheme risk),URL parse + structural check,0,.href (javascript: scheme risk) used but URL parse + structural check applied to URL query (location.search) first. Safe.
snippet_269,Dynamic link href from URL,function dl8(){const p=new URLSearchParams(location.search);const raw=p.get('next')||'/';const safe=raw.toLowerCase().startsWith('javascript:')?'/':raw;document.querySelector('a').href=safe;},Blocklist of javascript: prefix - blocked but data: and vbscript: still possible,URL query (location.search),URL-SINK:.href (javascript: scheme risk),javascript: prefix blocklist (incomplete),1,URL query (location.search) into .href (javascript: scheme risk). javascript: prefix blocklist (incomplete) present but not adequate. Vulnerable.
snippet_270,Dynamic link href from URL,function dl9(){const p=new URLSearchParams(location.search);document.querySelector('a').href=encodeURI(p.get('next')||'/');},encodeURI does NOT prevent javascript: scheme - still vulnerable,URL query (location.search),URL-SINK:.href (javascript: scheme risk),none,1,Source URL query (location.search) reaches .href (javascript: scheme risk) unsanitised. Vulnerable.
snippet_271,Dynamic link href from URL,function dl10(){document.querySelector('a').href='https://example.com/contact';},Hardcoded href - safe,None / hardcoded,URL-SINK:.href (javascript: scheme risk),none,0,No user input. Hardcoded values only.
snippet_272,Dynamic link href from URL,"function dl11(){const p=new URLSearchParams(location.search);const allowed={home:'/',about:'/about',blog:'/blog'};document.querySelector('a').href=allowed[p.get('page')]||'/';}",Allowlist lookup for href - safe,URL query (location.search),URL-SINK:.href (javascript: scheme risk),none,0,URL query flows into .href but only allowlisted values from a lookup object are used. Safe.
snippet_273,Dynamic link href from URL,"function dl12(){const p=new URLSearchParams(location.search);document.querySelector('a').setAttribute('data-target',p.get('next')||'');document.querySelector('a').href='/go';}","URL param goes into data attribute, href is fixed - safe",URL query (location.search),URL-SINK:.href (javascript: scheme risk); safe:setAttribute (text-only attr),none,0,"Uses .href (javascript: scheme risk); setAttribute (text-only attr) for URL query (location.search). Text sink, safe."
snippet_274,Image src from user input,function img1(){const p=new URLSearchParams(location.search);document.querySelector('img').src=p.get('avatar')||'';},img.src from URL - onerror handler can fire on broken URL but src itself does not execute script unless javascript: scheme (most browsers block on img),URL query (location.search),URL-SINK:.src,none,1,.src used with URL query (location.search) and no mitigation. Vulnerable.
snippet_275,Image src from user input,"function img2(){const p=new URLSearchParams(location.search);document.querySelector('#photo').outerHTML='<img src=""'+p.get('url')+'"" onerror=""alert(1)"">';}",img tag built via outerHTML concat - attribute injection vector,URL query (location.search),DANGEROUS:outerHTML,none,1,URL query (location.search) to outerHTML with no checks. Vulnerable.
snippet_276,Image src from user input,function img3(){const p=new URLSearchParams(location.search);document.body.innerHTML='<img src='+p.get('url')+'>';},Unquoted attribute via innerHTML - trivial injection (e.g. x onerror=alert(1)),URL query (location.search),DANGEROUS:innerHTML,none,1,Unsanitised URL query (location.search) flows to innerHTML. Vulnerable.
snippet_277,Image src from user input,function img4(){const p=new URLSearchParams(location.search);const img=document.createElement('img');img.src=p.get('url')||'';document.body.appendChild(img);},createElement img with src from URL - similar risk to img1,URL query (location.search),URL-SINK:.src,none,1,URL query (location.search) into .src. No DOMPurify or encoding. Vulnerable.
snippet_278,Image src from user input,function img5(){const p=new URLSearchParams(location.search);const url=p.get('url')||'';if(/^https:\/\/cdn\.example\.com\//.test(url))document.querySelector('img').src=url;},Regex allowlist for trusted CDN - safe,URL query (location.search),URL-SINK:.src,none,0,URL query flows into .src but regex validates URL starts with https. Protocol check prevents javascript: scheme.
snippet_279,Image src from user input,function img6(){const p=new URLSearchParams(location.search);try{const u=new URL(p.get('url'));if(u.protocol==='https:'&&u.hostname==='cdn.example.com')document.querySelector('img').src=u.href;}catch{}},URL parse with protocol and host check - safe,URL query (location.search),URL-SINK:.src,URL parse + structural check,0,"URL query (location.search) reaches .src, mitigated by URL parse + structural check."
snippet_280,Image src from user input,"function img7(){const p=new URLSearchParams(location.search);document.querySelector('img').setAttribute('alt',p.get('caption')||'');}",alt attribute is safe text,URL query (location.search),safe:setAttribute (text-only attr),none,0,"Source is URL query (location.search), sink is setAttribute (text-only attr). Safe sink."
snippet_281,Image src from user input,function img8(){document.querySelector('img').src='/static/default-avatar.png';},Hardcoded src - safe,None / hardcoded,URL-SINK:.src,none,0,Static content only. Safe regardless of sink.
snippet_282,Image src from user input,function img9(){const p=new URLSearchParams(location.search);const id=p.get('id')||'';if(/^\d+$/.test(id))document.querySelector('img').src='/avatars/'+id+'.png';},Numeric ID validation interpolated into local path - safe,URL query (location.search),URL-SINK:.src,none,0,URL query flows into .src but regex validates input is digits only. No script execution possible.
snippet_283,iframe content injection,function if1(){const p=new URLSearchParams(location.search);document.querySelector('iframe').src=p.get('embed')||'';},iframe.src from URL - javascript: scheme executes in iframe context,URL query (location.search),URL-SINK:.src,none,1,User data from URL query (location.search) into .src without sanitisation.
snippet_284,iframe content injection,function if2(){const p=new URLSearchParams(location.search);document.querySelector('iframe').srcdoc=p.get('html')||'';},iframe.srcdoc parses HTML - direct script execution,URL query (location.search),DANGEROUS:iframe.srcdoc,none,1,URL query (location.search) into iframe.srcdoc. No DOMPurify or encoding. Vulnerable.
snippet_285,iframe content injection,"function if3(){const p=new URLSearchParams(location.search);document.body.innerHTML='<iframe srcdoc=""'+p.get('html')+'""></iframe>';}",iframe with srcdoc built via innerHTML concat,URL query (location.search),DANGEROUS:innerHTML; DANGEROUS:iframe.srcdoc,none,1,Unsanitised URL query (location.search) flows to innerHTML; iframe.srcdoc. Vulnerable.
snippet_286,iframe content injection,function if4(){const html=location.hash.slice(1);const f=document.createElement('iframe');f.srcdoc=html;document.body.appendChild(f);},Created iframe with srcdoc from hash,URL fragment (location.hash),DANGEROUS:iframe.srcdoc,none,1,Unsanitised URL fragment (location.hash) flows to iframe.srcdoc. Vulnerable.
snippet_287,iframe content injection,function if5(){const p=new URLSearchParams(location.search);const url=p.get('embed')||'';if(/^https:\/\/(www\.)?youtube\.com\/embed\//.test(url))document.querySelector('iframe').src=url;},Regex allowlist for YouTube embed URLs - safe,URL query (location.search),URL-SINK:.src,none,0,URL query flows into iframe .src but regex validates URL starts with https. Protocol check prevents javascript: scheme.
snippet_288,iframe content injection,function if6(){document.querySelector('iframe').src='https://example.com/embed';},Hardcoded iframe src - safe,None / hardcoded,URL-SINK:.src,none,0,Static content only. Safe regardless of sink.
snippet_289,iframe content injection,"function if7(){const p=new URLSearchParams(location.search);document.querySelector('iframe').setAttribute('title',p.get('title')||'');}",title attribute on iframe is safe text,URL query (location.search),safe:setAttribute (text-only attr),none,0,"URL query (location.search) written via setAttribute (text-only attr), not an HTML sink."
snippet_290,iframe content injection,"function if8(){const p=new URLSearchParams(location.search);try{const u=new URL(p.get('embed'));const allow=['youtube.com','vimeo.com'];if(u.protocol==='https:'&&allow.includes(u.hostname))document.querySelector('iframe').src=u.href;}catch{}}",URL parse with host allowlist - safe,URL query (location.search),URL-SINK:.src,array allowlist (.includes); URL parse + structural check,0,.src used but array allowlist (.includes); URL parse + structural check applied to URL query (location.search) first. Safe.
snippet_291,Inline event handler binding,"function ev1(){const p=new URLSearchParams(location.search);document.querySelector('button').setAttribute('onclick',p.get('cmd')||'');}",setAttribute onclick from URL - direct script execution on click,URL query (location.search),DANGEROUS:setAttribute(on*) event handler,none,1,setAttribute(on*) event handler used with URL query (location.search) and no mitigation. Vulnerable.
snippet_292,Inline event handler binding,"function ev2(){const p=new URLSearchParams(location.search);document.querySelector('button').outerHTML='<button onclick=""'+p.get('cmd')+'"">go</button>';}",Inline onclick built via outerHTML concat,URL query (location.search),DANGEROUS:outerHTML,none,1,Source URL query (location.search) reaches outerHTML unsanitised. Vulnerable.
snippet_293,Inline event handler binding,"function ev3(){const p=new URLSearchParams(location.search);document.body.innerHTML='<a href=# onclick=""'+p.get('cmd')+'"">click</a>';}",Anchor with inline onclick from URL,URL query (location.search),DANGEROUS:innerHTML,none,1,"URL query (location.search) flows into innerHTML, no sanitisation. Vulnerable."
snippet_294,Inline event handler binding,function ev4(){const p=new URLSearchParams(location.search);document.querySelector('button').onclick=function(){alert(p.get('msg'));};},onclick assigned a function that displays param via alert (no DOM injection) - safe (alert renders as text),URL query (location.search),safe:event handler assignment (function literal),none,0,"URL query (location.search) flows into event handler assignment (function literal), safe sink so no XSS."
snippet_295,Inline event handler binding,"function ev5(){document.querySelector('button').addEventListener('click',function(){window.location='/dashboard';});}",addEventListener with hardcoded handler - safe,None / hardcoded,safe:addEventListener (function handler),none,0,No untrusted source. Safe.
snippet_296,Inline event handler binding,"function ev6(){const p=new URLSearchParams(location.search);const cmd=p.get('action')||'';const handlers={save:saveDoc,load:loadDoc,close:closeDoc};document.querySelector('button').onclick=handlers[cmd]||null;}",Allowlist lookup of handler functions - safe,URL query (location.search),safe:event handler from allowlist,none,0,"URL query (location.search) flows into event handler from allowlist, safe sink so no XSS."
snippet_297,Inline event handler binding,"function ev7(){const p=new URLSearchParams(location.search);document.querySelector('button').setAttribute('data-cmd',p.get('cmd')||'');}",data attribute is safe,URL query (location.search),safe:setAttribute (text-only attr),none,0,"URL query (location.search) written via setAttribute (text-only attr), not an HTML sink."
snippet_298,Dynamic script execution,function ds1(){const p=new URLSearchParams(location.search);eval(p.get('code')||'');},Direct eval of URL param - textbook XSS,URL query (location.search),DANGEROUS:eval,none,1,"URL query (location.search) flows into eval, no sanitisation. Vulnerable."
snippet_299,Dynamic script execution,function ds2(){const p=new URLSearchParams(location.search);new Function(p.get('code')||'')();},Function constructor with URL param - eval-equivalent,URL query (location.search),DANGEROUS:Function() constructor,none,1,"URL query (location.search) flows into Function() constructor, no sanitisation. Vulnerable."
snippet_300,Dynamic script execution,"function ds3(){const p=new URLSearchParams(location.search);setTimeout(p.get('cb')||'',100);}",setTimeout with string source - parsed as code,URL query (location.search),DANGEROUS:setTimeout(string),none,1,User data from URL query (location.search) into setTimeout(string) without sanitisation.
snippet_301,Dynamic script execution,"function ds4(){const p=new URLSearchParams(location.search);setInterval(p.get('cb')||'',1000);}",setInterval with string source - parsed as code,URL query (location.search),DANGEROUS:setInterval(string),none,1,setInterval(string) used with URL query (location.search) and no mitigation. Vulnerable.
snippet_302,Dynamic script execution,"function ds5(){const p=new URLSearchParams(location.search);const action=p.get('action')||'';const ops={refresh:()=>location.reload(),back:()=>history.back()};(ops[action]||(()=>{}))();}",Allowlist of named operations - safe,URL query (location.search),safe:non-HTML sink,none,0,URL query (location.search) reaches non-HTML sink which is a safe sink.
snippet_303,Dynamic script execution,"function ds6(){setTimeout(()=>{document.querySelector('#status').textContent='Done';},500);}",setTimeout with function (not string) and no user input - safe,None / hardcoded,safe:textContent,none,0,No user input flows into any sink here.
snippet_304,Server response rendering,function sr1(){fetch('/api/comments').then(r=>r.json()).then(d=>{document.querySelector('#out').innerHTML=d.html;});},fetch JSON.html injected via innerHTML - server response treated as untrusted,Server response (fetch/AJAX),DANGEROUS:innerHTML,none,1,innerHTML gets raw Server response (fetch/AJAX) data. Vulnerable.
snippet_305,Server response rendering,function sr2(){fetch('/api/profile').then(r=>r.text()).then(html=>{document.body.innerHTML=html;});},Raw HTML body replaced from fetch - vulnerable if API can be influenced,Server response (fetch/AJAX),DANGEROUS:innerHTML; safe:jQuery.text(),none,1,innerHTML; jQuery.text() gets raw Server response (fetch/AJAX) data. Vulnerable.
snippet_306,Server response rendering,"function sr3(){$.getJSON('/api/notes',function(notes){notes.forEach(n=>{$('#list').append('<li>'+n.text+'</li>');});});}",jQuery .append with concat from API - parses HTML,Server response (fetch/AJAX),DANGEROUS:jQuery.append (HTML string),none,1,jQuery.append (HTML string) used with Server response (fetch/AJAX) and no mitigation. Vulnerable.
snippet_307,Server response rendering,function sr4(){fetch('/api/welcome').then(r=>r.text()).then(t=>{document.write(t);});},document.write of fetched body,Server response (fetch/AJAX),DANGEROUS:document.write; safe:jQuery.text(),none,1,Source Server response (fetch/AJAX) reaches document.write; jQuery.text() unsanitised. Vulnerable.
snippet_308,Server response rendering,function sr5(){fetch('/api/comments').then(r=>r.json()).then(d=>{const safe=DOMPurify.sanitize(d.html);document.querySelector('#out').innerHTML=safe;});},DOMPurify sanitisation of API response - safe,Server response (fetch/AJAX),DANGEROUS:innerHTML,DOMPurify sanitisation,0,Server response (fetch/AJAX) into innerHTML but DOMPurify sanitisation applied. Safe.
snippet_309,Server response rendering,function sr6(){fetch('/api/profile').then(r=>r.json()).then(d=>{document.querySelector('#name').textContent=d.name;});},JSON field via textContent - safe,Server response (fetch/AJAX),safe:textContent,none,0,textContent used here with Server response (fetch/AJAX). Safe.
snippet_310,Server response rendering,"function sr7(){$.getJSON('/api/notes',function(notes){notes.forEach(n=>{const li=document.createElement('li');li.textContent=n.text;document.getElementById('list').appendChild(li);});});}",DOM API construction from JSON - safe,Server response (fetch/AJAX),safe:textContent,none,0,textContent used here with Server response (fetch/AJAX). Safe.
snippet_311,Server response rendering,function sr8(){fetch('/api/notes').then(r=>r.json()).then(notes=>{$('#list').empty();notes.forEach(n=>$('#list').append($('<li>').text(n.text)));});},jQuery .text() construction from JSON - safe,Server response (fetch/AJAX),DANGEROUS:jQuery.append (HTML string); safe:jQuery.text(),none,0,Server response (fetch/AJAX) written to jQuery.append (HTML string); jQuery.text(). Renders as text not HTML.
snippet_312,Server response rendering,function sr9(){fetch('/api/profile').then(r=>r.json()).then(d=>{document.querySelector('#bio').innerHTML=d.bio;});},Bio field straight to innerHTML - vulnerable,Server response (fetch/AJAX),DANGEROUS:innerHTML,none,1,innerHTML used with Server response (fetch/AJAX) and no mitigation. Vulnerable.
snippet_313,Server response rendering,"function sr10(){fetch('/api/status').then(r=>r.json()).then(d=>{const allowed=['ok','warning','error'];document.querySelector('#status').className=allowed.includes(d.status)?d.status:'unknown';document.querySelector('#status').textContent=d.message||'';});}","Allowlist on class, textContent on message - safe",Server response (fetch/AJAX),safe:textContent; safe:className,array allowlist (.includes),0,Server response (fetch/AJAX) to textContent; className with array allowlist (.includes) in between. Adequate.
snippet_314,Server response rendering,function sr11(){fetch('/api/render').then(r=>r.text()).then(html=>{const f=document.createElement('iframe');f.srcdoc=html;document.body.appendChild(f);});},Server response into iframe srcdoc - vulnerable if API contents are influenceable,Server response (fetch/AJAX),DANGEROUS:iframe.srcdoc; safe:jQuery.text(),none,1,Server response (fetch/AJAX) written to iframe.srcdoc; jQuery.text() directly. No encoding. Vulnerable.
snippet_315,LocalStorage data display,function ls1(){const name=localStorage.getItem('username')||'';document.querySelector('#welcome').innerHTML='Hi '+name;},localStorage value to innerHTML - vulnerable (storage can be poisoned by prior XSS or browser extensions),localStorage,DANGEROUS:innerHTML,none,1,localStorage to innerHTML with no checks. Vulnerable.
snippet_316,LocalStorage data display,function ls2(){const draft=localStorage.getItem('draft')||'';document.querySelector('#editor').innerHTML=draft;},Stored draft to innerHTML,localStorage,DANGEROUS:innerHTML,none,1,localStorage to innerHTML with no checks. Vulnerable.
snippet_317,LocalStorage data display,function ls3(){const theme=localStorage.getItem('theme')||'';document.write('<style>body{background:'+theme+'}</style>');},Storage value into document.write CSS - injection vector,localStorage,DANGEROUS:document.write,none,1,localStorage into document.write. No DOMPurify or encoding. Vulnerable.
snippet_318,LocalStorage data display,function ls4(){const name=sessionStorage.getItem('name')||'';$('#u').html(name);},sessionStorage to jQuery .html(),sessionStorage,DANGEROUS:jQuery.html(),none,1,User data from sessionStorage into jQuery.html() without sanitisation.
snippet_319,LocalStorage data display,function ls5(){const name=localStorage.getItem('username')||'';document.querySelector('#welcome').textContent='Hi '+name;},Storage value via textContent - safe,localStorage,safe:textContent,none,0,textContent used here with localStorage. Safe.
snippet_320,LocalStorage data display,"function ls6(){const theme=localStorage.getItem('theme')||'';const allowed=['light','dark','auto'];document.body.className=allowed.includes(theme)?theme:'light';}",Storage value with allowlist - safe,localStorage,safe:className,array allowlist (.includes),0,className used but array allowlist (.includes) applied to localStorage first. Safe.
snippet_321,LocalStorage data display,function ls7(){const draft=localStorage.getItem('draft')||'';document.querySelector('#editor').value=draft;},Storage value into input.value - safe (textarea content is text),Form input value; localStorage,safe:input.value assignment (text field),none,0,Form input value; localStorage written to input.value assignment (text field). Renders as text not HTML.
snippet_322,LocalStorage data display,function ls8(){const prefs=JSON.parse(localStorage.getItem('prefs')||'{}');document.querySelector('#name').textContent=prefs.name||'';},Parsed JSON from storage via textContent - safe,localStorage,safe:textContent,none,0,localStorage reaches textContent which is a safe sink.
snippet_323,PostMessage handler,"function pm1(){window.addEventListener('message',e=>{document.querySelector('#frame-out').innerHTML=e.data;});}",postMessage data straight to innerHTML with no origin check - vulnerable,postMessage event.data,DANGEROUS:innerHTML,none,1,innerHTML used with postMessage event.data and no mitigation. Vulnerable.
snippet_324,PostMessage handler,"function pm2(){window.addEventListener('message',e=>{document.body.innerHTML=e.data.html;});}",Message body replaced from message data - no origin check,postMessage event.data,DANGEROUS:innerHTML,none,1,Source postMessage event.data reaches innerHTML unsanitised. Vulnerable.
snippet_325,PostMessage handler,"function pm3(){window.addEventListener('message',e=>{eval(e.data);});}",eval of message data - severe,postMessage event.data,DANGEROUS:eval,none,1,eval used with postMessage event.data and no mitigation. Vulnerable.
snippet_326,PostMessage handler,"function pm4(){window.addEventListener('message',e=>{if(e.origin!=='https://trusted.example.com')return;document.querySelector('#out').textContent=e.data;});}",Origin check + textContent - safe,postMessage event.data,safe:textContent,postMessage origin check,0,postMessage event.data to textContent with postMessage origin check in between. Adequate.
snippet_327,PostMessage handler,"function pm5(){window.addEventListener('message',e=>{if(e.origin!=='https://trusted.example.com')return;const safe=DOMPurify.sanitize(e.data);document.querySelector('#out').innerHTML=safe;});}",Origin check + DOMPurify - safe,postMessage event.data,DANGEROUS:innerHTML,DOMPurify sanitisation; postMessage origin check,0,innerHTML used but DOMPurify sanitisation; postMessage origin check applied to postMessage event.data first. Safe.
